<?xml version="1.0" encoding="UTF-8"?>
<included>



<appender name="stdout" class="ch.qos.logback.core.ConsoleAppender">
		<layout class="ch.qos.logback.classic.PatternLayout">
			<pattern>%date [%thread] %-5level %logger{80} - %msg%n</pattern>
		</layout>
	</appender>
	<appender name="logfile"
		class="ch.qos.logback.core.rolling.RollingFileAppender">
		<File>crawl-log.log</File>
		<rollingPolicy class="ch.qos.logback.core.rolling.TimeBasedRollingPolicy">
			<FileNamePattern>${log.base}/crawl-execute_%d{yyyy-MM-dd}.%i.log
			</FileNamePattern>
			<timeBasedFileNamingAndTriggeringPolicy
				class="ch.qos.logback.core.rolling.SizeAndTimeBasedFNATP">
				<maxFileSize>50MB</maxFileSize>
			</timeBasedFileNamingAndTriggeringPolicy>
		</rollingPolicy>
		<layout class="ch.qos.logback.classic.PatternLayout">
			<pattern>%date [%thread] %-5level %logger{80} - %msg%n</pattern>
		</layout>
	</appender> 
	
	 <logger name="com.gecpp.product.crawl.execute"> 
		<level value="info" />         
           <appender-ref ref="stdout" />		  
	</logger> 
	
	
</included>

